-- MySQL dump 10.13  Distrib 8.0.42, for Linux (x86_64)
--
-- Host: 127.0.0.1    Database: epc_db
-- ------------------------------------------------------
-- Server version	8.0.42-0ubuntu0.24.10.1

/*!40101 SET @OLD_CHARACTER_SET_CLIENT=@@CHARACTER_SET_CLIENT */;
/*!40101 SET @OLD_CHARACTER_SET_RESULTS=@@CHARACTER_SET_RESULTS */;
/*!40101 SET @OLD_COLLATION_CONNECTION=@@COLLATION_CONNECTION */;
/*!50503 SET NAMES utf8mb4 */;
/*!40103 SET @OLD_TIME_ZONE=@@TIME_ZONE */;
/*!40103 SET TIME_ZONE='+00:00' */;
/*!40014 SET @OLD_UNIQUE_CHECKS=@@UNIQUE_CHECKS, UNIQUE_CHECKS=0 */;
/*!40014 SET @OLD_FOREIGN_KEY_CHECKS=@@FOREIGN_KEY_CHECKS, FOREIGN_KEY_CHECKS=0 */;
/*!40101 SET @OLD_SQL_MODE=@@SQL_MODE, SQL_MODE='NO_AUTO_VALUE_ON_ZERO' */;
/*!40111 SET @OLD_SQL_NOTES=@@SQL_NOTES, SQL_NOTES=0 */;

--
-- Table structure for table `admissions`
--

DROP TABLE IF EXISTS `admissions`;
/*!40101 SET @saved_cs_client     = @@character_set_client */;
/*!50503 SET character_set_client = utf8mb4 */;
CREATE TABLE `admissions` (
  `id` char(36) COLLATE utf8mb4_unicode_ci NOT NULL,
  `patient_id` char(36) COLLATE utf8mb4_unicode_ci NOT NULL,
  `sector` varchar(120) COLLATE utf8mb4_unicode_ci DEFAULT NULL,
  `habitacion` varchar(40) COLLATE utf8mb4_unicode_ci DEFAULT NULL,
  `cama` varchar(40) COLLATE utf8mb4_unicode_ci DEFAULT NULL,
  `fecha_ingreso` datetime NOT NULL,
  `fecha_egreso` datetime DEFAULT NULL,
  `protocolo` varchar(60) COLLATE utf8mb4_unicode_ci DEFAULT NULL,
  `admision_num` varchar(60) COLLATE utf8mb4_unicode_ci DEFAULT NULL,
  `estado` varchar(32) COLLATE utf8mb4_unicode_ci DEFAULT NULL,
  PRIMARY KEY (`id`),
  KEY `patient_id` (`patient_id`),
  KEY `idx_admissions_estado` (`estado`),
  CONSTRAINT `admissions_ibfk_1` FOREIGN KEY (`patient_id`) REFERENCES `patients` (`id`) ON DELETE CASCADE
) ENGINE=InnoDB DEFAULT CHARSET=utf8mb4 COLLATE=utf8mb4_unicode_ci;
/*!40101 SET character_set_client = @saved_cs_client */;

--
-- Dumping data for table `admissions`
--

LOCK TABLES `admissions` WRITE;
/*!40000 ALTER TABLE `admissions` DISABLE KEYS */;
INSERT INTO `admissions` VALUES ('026f8253-337f-4e40-8a53-fbbf78941caa','AINSTEIN_500339',NULL,NULL,NULL,'2026-01-09 18:20:09',NULL,NULL,'39453',NULL),('06d7e686-1d7c-497c-876f-77fe75940caa','AINSTEIN_403371',NULL,NULL,NULL,'2025-05-26 12:25:13',NULL,NULL,'33327','epc_generada'),('0f3b25e9-12df-4e1f-93a4-c3dbbb2f96d3','AINSTEIN_549183',NULL,NULL,NULL,'2026-01-08 16:20:31',NULL,NULL,'39422',NULL),('124bf9be-cf3b-4903-b9b9-74aceb5b84de','AINSTEIN_380099',NULL,NULL,NULL,'2026-01-08 11:33:41',NULL,NULL,'39407','epc_generada'),('13852040-8901-4551-b735-bd922588a3d3','AINSTEIN_378574',NULL,NULL,NULL,'2024-10-29 07:09:55',NULL,NULL,'28266',NULL),('1c9ffb2c-4a1d-4ad5-b431-f711337bd974','AINSTEIN_378932',NULL,NULL,NULL,'2026-01-07 10:38:41',NULL,NULL,'39374','epc_generada'),('1d646342-bf7d-4ddc-9b33-8708ddd2b671','AINSTEIN_532721',NULL,NULL,NULL,'2025-04-17 07:07:13',NULL,NULL,'32373','epc_generada'),('200c3d8c-1448-48f3-8742-0ff81674adc7','AINSTEIN_415470',NULL,NULL,NULL,'2024-02-22 20:00:20',NULL,NULL,'21616',NULL),('22799223-5955-4481-952d-698c12cbfa88','AINSTEIN_500599',NULL,NULL,NULL,'2025-04-14 11:31:12',NULL,NULL,'32284','epc_generada'),('22a9ab30-4d85-4189-aba1-c7c9761b367a','AINSTEIN_549183',NULL,NULL,NULL,'2026-01-08 16:20:31',NULL,NULL,'39422','epc_generada'),('26227899-e2d8-4770-b64b-7f08f1080b88','AINSTEIN_378121',NULL,NULL,NULL,'2026-01-12 16:15:43',NULL,NULL,'39498',NULL),('2792f570-198c-4a04-ae85-828c3329f792','AINSTEIN_20347',NULL,NULL,NULL,'2026-01-16 09:41:36',NULL,NULL,'39605','epc_generada'),('28947501-84dc-4a55-b0c7-4e7060eaee3c','AINSTEIN_378121',NULL,NULL,NULL,'2026-01-12 16:15:43',NULL,NULL,'39498',NULL),('28b82a4a-1269-4950-b1e5-09ac831c4769','AINSTEIN_535420',NULL,NULL,NULL,'2025-03-06 20:42:19',NULL,NULL,'31375','epc_generada'),('2a9e7fb5-9a10-4e93-a37e-4665b3a6a7e7','AINSTEIN_379311',NULL,NULL,NULL,'2026-01-15 18:18:57',NULL,NULL,'39595','epc_generada'),('2ac4ff3f-98a1-444a-b4d8-4ee573d01b23','AINSTEIN_20347',NULL,NULL,NULL,'2026-01-16 09:41:36',NULL,NULL,'39605',NULL),('33585591-6ed7-4980-85ff-e61863190218','AINSTEIN_484660',NULL,NULL,NULL,'2023-12-09 17:53:03',NULL,NULL,'19987',NULL),('337685b6-e8ac-40be-bfc2-573c4f928f14','AINSTEIN_381537',NULL,NULL,NULL,'2026-01-03 19:01:26',NULL,NULL,'39296','epc_generada'),('35d05009-77bd-4924-88ab-86a0ef23e871','AINSTEIN_462059',NULL,NULL,NULL,'2024-01-16 11:55:45',NULL,NULL,'20750',NULL),('368ae8d3-9a13-4f11-ab61-60b646d09a20','AINSTEIN_556336',NULL,NULL,NULL,'2026-01-02 10:31:14',NULL,NULL,'39282','epc_generada'),('38c193ca-13fb-4ab3-b72d-7b5988e9749a','AINSTEIN_554729',NULL,NULL,NULL,'2026-01-10 14:39:10',NULL,NULL,'39456','epc_generada'),('395c5c29-167f-4422-9440-5f8b53405d6d','AINSTEIN_411729',NULL,NULL,NULL,'2025-06-04 11:58:00',NULL,NULL,'33606',NULL),('3aebc932-7326-4ae9-a020-94cc9e833f02','AINSTEIN_415470',NULL,NULL,NULL,'2024-02-22 20:00:20',NULL,NULL,'21616',NULL),('3c76671d-d668-45ce-90d0-260a64c9be68','AINSTEIN_378471',NULL,NULL,NULL,'2026-01-19 21:09:33',NULL,NULL,'39656','epc_generada'),('3f318c1e-e15d-4bd3-8255-497b20ad97e9','AINSTEIN_559674',NULL,NULL,NULL,'2026-01-05 13:46:09',NULL,NULL,'39327','epc_generada'),('406d3625-a31b-4b74-b9b3-6ee23493b008','AINSTEIN_500339',NULL,NULL,NULL,'2026-01-09 18:20:09',NULL,NULL,'39453',NULL),('4204d9e2-56d2-4c87-8ae9-88ae64fded0c','AINSTEIN_533485',NULL,NULL,NULL,'2026-01-02 16:32:28',NULL,NULL,'39289',NULL),('4335c7d6-f131-4eea-a45c-2da02652d4c7','AINSTEIN_549183',NULL,NULL,NULL,'2026-01-08 16:20:31',NULL,NULL,'39422',NULL),('4386f1a6-002e-4086-bfca-47ee4eb7f883','AINSTEIN_524534',NULL,NULL,NULL,'2026-01-09 17:41:35',NULL,NULL,'39452','epc_generada'),('4e3750c4-379a-437b-b8d6-f32c19132f00','AINSTEIN_559971',NULL,NULL,NULL,'2026-01-08 20:16:24',NULL,NULL,'39433','epc_generada'),('50333b9a-1f5d-466a-b241-f3d04091442b','AINSTEIN_415470',NULL,NULL,NULL,'2024-02-22 20:00:20',NULL,NULL,'21616',NULL),('595b29b2-f840-4cf3-9316-354363487dd8','AINSTEIN_546749',NULL,NULL,NULL,'2025-07-10 18:28:50',NULL,NULL,'34552','epc_generada'),('61290e5b-30dc-4569-bf6f-e65d9cf8dfd9','AINSTEIN_438721',NULL,NULL,NULL,'2026-01-05 20:57:15',NULL,NULL,'39334','epc_generada'),('64e932a6-7bca-4392-9d3d-ee820650b1b3','AINSTEIN_500339',NULL,NULL,NULL,'2026-01-04 23:52:14',NULL,NULL,'39307','epc_generada'),('66b504c3-7888-40d2-905c-35897101cb0a','AINSTEIN_409872',NULL,NULL,NULL,'2022-01-08 20:12:41',NULL,NULL,'2807','epc_generada'),('67e58c88-6fb3-4277-82c4-95731fcd9401','AINSTEIN_378705',NULL,NULL,NULL,'2024-01-17 14:07:32',NULL,NULL,'20787','epc_generada'),('68ea3897-dbb3-4868-912a-52f696efe6f4','AINSTEIN_524430',NULL,NULL,NULL,'2025-04-30 08:53:19',NULL,NULL,'32689','epc_generada'),('6b1f50cf-ac23-4875-9a2a-8a2cda837c26','AINSTEIN_401410',NULL,NULL,NULL,'2026-01-07 23:01:43',NULL,NULL,'39391','epc_generada'),('6b5cdc9b-5d66-4f3d-b743-430167c36e55','AINSTEIN_500339',NULL,NULL,NULL,'2026-01-09 18:20:09',NULL,NULL,'39453',NULL),('6f683475-2ba7-49ef-9b26-580058eeacc5','AINSTEIN_382647',NULL,NULL,NULL,'2026-01-13 16:45:37',NULL,NULL,'39518','epc_generada'),('709a36c4-9bbe-4666-bc16-65e5cda9bc59','AINSTEIN_444893',NULL,NULL,NULL,'2025-07-08 15:31:10',NULL,NULL,'34489','epc_generada'),('74c29c8d-680a-4cb1-8ca0-767e552b70a9','AINSTEIN_415470',NULL,NULL,NULL,'2024-02-22 20:00:20',NULL,NULL,'21616','epc_generada'),('76b0468b-ad05-44c7-9301-50628752c4b0','AINSTEIN_500339',NULL,NULL,NULL,'2026-01-09 18:20:09',NULL,NULL,'39453',NULL),('799b77ae-b5e8-44ce-8485-055979cccb5b','AINSTEIN_487379',NULL,NULL,NULL,'2023-12-27 22:44:33',NULL,NULL,'20377','epc_generada'),('7e9a3769-c9d1-4540-a9e1-c3b03066211f','AINSTEIN_378574',NULL,NULL,NULL,'2024-10-29 07:09:55',NULL,NULL,'28266','epc_generada'),('86d9f8dc-b4b1-405a-a4d2-5c10e11bc394','AINSTEIN_378121',NULL,NULL,NULL,'2026-01-12 16:15:43',NULL,NULL,'39498',NULL),('8cb8eddd-92d2-4962-bf91-bb0f1dfd7337','AINSTEIN_556336',NULL,NULL,NULL,'2026-01-02 10:31:14',NULL,NULL,'39282',NULL),('8dbd6a5a-4701-49f5-9bd3-096c9013ab48','AINSTEIN_544941',NULL,NULL,NULL,'2025-06-16 14:35:58',NULL,NULL,'33890','epc_generada'),('8e19919c-5171-4205-9427-1a93d13aea56','AINSTEIN_533485',NULL,NULL,NULL,'2026-01-02 16:32:28',NULL,NULL,'39289',NULL),('8f95daf1-84ce-4137-a9a1-17ab722f312d','AINSTEIN_378121',NULL,NULL,NULL,'2026-01-12 16:15:43',NULL,NULL,'39498',NULL),('9227a0d3-2bfe-4c7f-8ad5-d4ece9afd043','AINSTEIN_415470',NULL,NULL,NULL,'2024-02-22 20:00:20',NULL,NULL,'21616',NULL),('94929a8f-32a5-4eaa-8251-b10ee2ceec10','AINSTEIN_411729',NULL,NULL,NULL,'2025-06-04 11:58:00',NULL,NULL,'33606',NULL),('9926c5b3-8e25-4b5d-baf8-73bdb1e3c4e5','AINSTEIN_378705',NULL,NULL,NULL,'2024-01-17 14:07:32',NULL,NULL,'20787',NULL),('9968116e-5f39-47ac-9c4f-b1077849744d','AINSTEIN_383433',NULL,NULL,NULL,'2025-06-30 08:41:55',NULL,NULL,'34223','epc_generada'),('99d11bf8-5587-4d3a-863b-2f59d49d4787','AINSTEIN_427997',NULL,NULL,NULL,'2022-12-29 13:28:03',NULL,NULL,'11326','epc_generada'),('9d3c4575-ac66-4cbc-b3bb-0650520c37fa','AINSTEIN_462059',NULL,NULL,NULL,'2024-01-16 11:55:45',NULL,NULL,'20750',NULL),('9e8b7674-4d21-47c6-a90a-57e6a9a1b224','AINSTEIN_10258',NULL,NULL,NULL,'2023-01-19 07:08:37',NULL,NULL,'11770','epc_generada'),('a04bd30b-6be8-4569-997a-08c7dcb9f3c4','AINSTEIN_533485',NULL,NULL,NULL,'2026-01-02 16:32:28',NULL,NULL,'39289','epc_generada'),('a2a9790f-cbf4-47e3-97ab-864b9aebec49','AINSTEIN_402006',NULL,NULL,NULL,'2026-01-04 17:16:52',NULL,NULL,'39304','epc_generada'),('a3d5e348-2e98-4053-b066-c0539ebd8d59','AINSTEIN_463778',NULL,NULL,NULL,'2025-03-25 11:08:18',NULL,NULL,'31800','epc_generada'),('a45b6d1e-333b-4681-8080-3a5932f27d18','AINSTEIN_378932',NULL,NULL,NULL,'2026-01-07 10:38:41',NULL,NULL,'39374','epc_generada'),('ac4790bd-a692-411e-9288-cf76c806c19e','AINSTEIN_533485',NULL,NULL,NULL,'2026-01-02 16:32:28',NULL,NULL,'39289',NULL),('ae12f813-426b-43d4-9136-ba1a56a40d5f','AINSTEIN_387454',NULL,NULL,NULL,'2023-11-22 11:59:58',NULL,NULL,'19517','epc_generada'),('af7e6225-b273-4a3b-bb7c-59acd52ce816','AINSTEIN_560065',NULL,NULL,NULL,'2026-01-09 16:55:29',NULL,NULL,'39451','epc_generada'),('b32a57e7-6edc-4792-8b8d-ff2c4d213f1f','15a25b2f-f9e2-4fec-ae50-4d7c4cbc812c',NULL,NULL,NULL,'2024-12-04 00:00:00',NULL,'6986515-001','698651-5','epc_generada'),('b4007936-0af9-4dbf-8a5c-08e5f5734a15','AINSTEIN_484660',NULL,NULL,NULL,'2023-12-09 17:53:03',NULL,NULL,'19987','epc_generada'),('b5570d4c-9bc4-4de5-ae7e-60e104696d50','AINSTEIN_382647',NULL,NULL,NULL,'2026-01-13 16:45:37',NULL,NULL,'39518','epc_generada'),('bafcc300-7d10-4a95-bbf0-e24b7d415fee','AINSTEIN_378262',NULL,NULL,NULL,'2025-12-16 06:59:10',NULL,NULL,'38983','epc_generada'),('bb86f8c2-8f28-45dd-9442-4881d8305978','AINSTEIN_548565',NULL,NULL,NULL,'2025-06-10 03:09:50',NULL,NULL,'33736','epc_generada'),('bc7769e2-fc56-4b4f-8f78-32b4e68e9002','AINSTEIN_435974',NULL,NULL,NULL,'2026-01-07 16:11:10',NULL,NULL,'39384','epc_generada'),('bff299b2-7b2f-470f-b34b-428d7c176c04','AINSTEIN_378413',NULL,NULL,NULL,'2025-09-09 12:22:59',NULL,NULL,'36296','epc_generada'),('c2690f55-31cc-4072-99fa-8e9a6e0381e7','AINSTEIN_378121',NULL,NULL,NULL,'2026-01-12 16:15:43',NULL,NULL,'39498',NULL),('c6b080cf-15db-4fc0-89f2-a2499f4a5659','AINSTEIN_381776',NULL,NULL,NULL,'2026-01-01 20:11:00',NULL,NULL,'39272','epc_generada'),('ca2e02ba-87a1-4d35-b05d-bf715b19bb7d','AINSTEIN_500339',NULL,NULL,NULL,'2026-01-09 18:20:09',NULL,NULL,'39453',NULL),('d0a6b6cf-9217-4245-ad6a-49fe538a9720','AINSTEIN_378121',NULL,NULL,NULL,'2026-01-12 16:15:43',NULL,NULL,'39498',NULL),('d1e048a8-89ac-437c-b9d7-575aca5e8d79','AINSTEIN_402006',NULL,NULL,NULL,'2026-01-04 17:16:52',NULL,NULL,'39304',NULL),('da86b643-ac53-496a-a41c-f3ed4265536e','AINSTEIN_378413',NULL,NULL,NULL,'2026-01-22 08:58:47',NULL,NULL,'39713',NULL),('db31f391-a7a4-45b5-8633-b215dcaa0faa','AINSTEIN_411729',NULL,NULL,NULL,'2025-06-04 11:58:00',NULL,NULL,'33606','epc_generada'),('e7312a2e-99be-4145-8753-390e089e9077','AINSTEIN_378932',NULL,NULL,NULL,'2026-01-07 10:38:41',NULL,NULL,'39374',NULL),('e7502967-a0ba-447f-a631-dc082769cad2','AINSTEIN_462059',NULL,NULL,NULL,'2024-01-16 11:55:45',NULL,NULL,'20750','epc_generada'),('e78bd374-f295-428f-b417-95b4be5ba092','AINSTEIN_559808',NULL,NULL,NULL,'2026-01-07 01:02:42',NULL,NULL,'39363','epc_generada'),('e7d30348-7ff6-4cce-9991-e9cab4b4a415','AINSTEIN_558635',NULL,NULL,NULL,'2026-01-08 07:12:34',NULL,NULL,'39396','epc_generada'),('e8e3f84e-95e4-4219-9286-8d77792279e9','AINSTEIN_378121',NULL,NULL,NULL,'2026-01-12 16:15:43',NULL,NULL,'39498','epc_generada'),('eac63fe6-d65b-493b-a080-9fa2e780f7bb','AINSTEIN_430173',NULL,NULL,NULL,'2026-01-05 17:43:31',NULL,NULL,'39331','epc_generada'),('ed6901e2-4f65-47fb-af6d-49cf9e651756','AINSTEIN_415470',NULL,NULL,NULL,'2023-07-18 14:44:25',NULL,NULL,'16085',NULL),('f6ffd4a1-c68d-4438-a594-9ddc8a5a9c36','AINSTEIN_379213',NULL,NULL,NULL,'2025-12-31 18:29:20',NULL,NULL,'39263','epc_generada'),('f9ab21a8-d0b8-4b80-bd90-f62c43217fb5','AINSTEIN_560058',NULL,NULL,NULL,'2026-01-09 15:55:16',NULL,NULL,'39450','epc_generada'),('fdfd0bb8-0c02-4554-85ca-6e5cd370e3e6','AINSTEIN_383615',NULL,NULL,NULL,'2026-01-08 18:56:47',NULL,NULL,'39432','epc_generada'),('ff0683fe-b732-4cea-a723-9eb5eaf142f5','AINSTEIN_378932',NULL,NULL,NULL,'2026-01-07 10:38:41',NULL,NULL,'39374','epc_generada');
/*!40000 ALTER TABLE `admissions` ENABLE KEYS */;
UNLOCK TABLES;

--
-- Table structure for table `alembic_version`
--

DROP TABLE IF EXISTS `alembic_version`;
/*!40101 SET @saved_cs_client     = @@character_set_client */;
/*!50503 SET character_set_client = utf8mb4 */;
CREATE TABLE `alembic_version` (
  `version_num` varchar(32) COLLATE utf8mb4_unicode_ci NOT NULL,
  PRIMARY KEY (`version_num`)
) ENGINE=InnoDB DEFAULT CHARSET=utf8mb4 COLLATE=utf8mb4_unicode_ci;
/*!40101 SET character_set_client = @saved_cs_client */;

--
-- Dumping data for table `alembic_version`
--

LOCK TABLES `alembic_version` WRITE;
/*!40000 ALTER TABLE `alembic_version` DISABLE KEYS */;
INSERT INTO `alembic_version` VALUES ('0b8762da67b9');
/*!40000 ALTER TABLE `alembic_version` ENABLE KEYS */;
UNLOCK TABLES;

--
-- Table structure for table `branding`
--

DROP TABLE IF EXISTS `branding`;
/*!40101 SET @saved_cs_client     = @@character_set_client */;
/*!50503 SET character_set_client = utf8mb4 */;
CREATE TABLE `branding` (
  `id` int NOT NULL AUTO_INCREMENT,
  `hospital_nombre` varchar(160) COLLATE utf8mb4_unicode_ci DEFAULT NULL,
  `logo_url` varchar(255) COLLATE utf8mb4_unicode_ci DEFAULT NULL,
  `header_linea1` varchar(255) COLLATE utf8mb4_unicode_ci DEFAULT NULL,
  `header_linea2` varchar(255) COLLATE utf8mb4_unicode_ci DEFAULT NULL,
  `footer_linea1` varchar(255) COLLATE utf8mb4_unicode_ci DEFAULT NULL,
  `footer_linea2` varchar(255) COLLATE utf8mb4_unicode_ci DEFAULT NULL,
  `updated_at` datetime NOT NULL DEFAULT CURRENT_TIMESTAMP,
  PRIMARY KEY (`id`)
) ENGINE=InnoDB AUTO_INCREMENT=2 DEFAULT CHARSET=utf8mb4 COLLATE=utf8mb4_unicode_ci;
/*!40101 SET character_set_client = @saved_cs_client */;

--
-- Dumping data for table `branding`
--

LOCK TABLES `branding` WRITE;
/*!40000 ALTER TABLE `branding` DISABLE KEYS */;
INSERT INTO `branding` VALUES (1,'',NULL,NULL,NULL,NULL,NULL,'2025-11-19 00:03:37');
/*!40000 ALTER TABLE `branding` ENABLE KEYS */;
UNLOCK TABLES;

--
-- Table structure for table `epc`
--

DROP TABLE IF EXISTS `epc`;
/*!40101 SET @saved_cs_client     = @@character_set_client */;
/*!50503 SET character_set_client = utf8mb4 */;
CREATE TABLE `epc` (
  `id` char(36) COLLATE utf8mb4_unicode_ci NOT NULL,
  `patient_id` char(36) COLLATE utf8mb4_unicode_ci NOT NULL,
  `admission_id` char(36) COLLATE utf8mb4_unicode_ci DEFAULT NULL,
  `estado` varchar(20) COLLATE utf8mb4_unicode_ci NOT NULL,
  `version_actual_oid` varchar(64) COLLATE utf8mb4_unicode_ci DEFAULT NULL,
  `titulo` varchar(255) COLLATE utf8mb4_unicode_ci DEFAULT NULL,
  `diagnostico_principal_cie10` varchar(15) COLLATE utf8mb4_unicode_ci DEFAULT NULL,
  `fecha_emision` datetime DEFAULT NULL,
  `medico_responsable` varchar(120) COLLATE utf8mb4_unicode_ci DEFAULT NULL,
  `firmado_por_medico` tinyint(1) DEFAULT '0',
  `created_by` char(36) COLLATE utf8mb4_unicode_ci NOT NULL,
  `created_at` datetime NOT NULL DEFAULT CURRENT_TIMESTAMP,
  `updated_at` datetime DEFAULT NULL,
  PRIMARY KEY (`id`),
  KEY `admission_id` (`admission_id`),
  KEY `created_by` (`created_by`),
  KEY `patient_id` (`patient_id`),
  CONSTRAINT `epc_ibfk_2` FOREIGN KEY (`admission_id`) REFERENCES `admissions` (`id`),
  CONSTRAINT `epc_ibfk_3` FOREIGN KEY (`created_by`) REFERENCES `users` (`id`),
  CONSTRAINT `epc_ibfk_4` FOREIGN KEY (`patient_id`) REFERENCES `patients` (`id`) ON DELETE CASCADE
) ENGINE=InnoDB DEFAULT CHARSET=utf8mb4 COLLATE=utf8mb4_unicode_ci;
/*!40101 SET character_set_client = @saved_cs_client */;

--
-- Dumping data for table `epc`
--

LOCK TABLES `epc` WRITE;
/*!40000 ALTER TABLE `epc` DISABLE KEYS */;
/*!40000 ALTER TABLE `epc` ENABLE KEYS */;
UNLOCK TABLES;

--
-- Table structure for table `epc_events`
--

DROP TABLE IF EXISTS `epc_events`;
/*!40101 SET @saved_cs_client     = @@character_set_client */;
/*!50503 SET character_set_client = utf8mb4 */;
CREATE TABLE `epc_events` (
  `id` int NOT NULL AUTO_INCREMENT,
  `epc_id` char(36) NOT NULL,
  `at` datetime NOT NULL DEFAULT CURRENT_TIMESTAMP,
  `by` varchar(120) DEFAULT NULL,
  `action` text NOT NULL,
  PRIMARY KEY (`id`)
) ENGINE=InnoDB AUTO_INCREMENT=308 DEFAULT CHARSET=utf8mb4 COLLATE=utf8mb4_0900_ai_ci;
/*!40101 SET character_set_client = @saved_cs_client */;

--
-- Dumping data for table `epc_events`
--

LOCK TABLES `epc_events` WRITE;
/*!40000 ALTER TABLE `epc_events` DISABLE KEYS */;
INSERT INTO `epc_events` VALUES (14,'ca01980e-2743-4daa-9088-65e5a6e571e7','2025-11-21 21:18:18','admin','EPC generada por IA'),(15,'ca01980e-2743-4daa-9088-65e5a6e571e7','2025-11-21 21:18:41','admin','EPC actualizada (estado: validada) firmada por médico'),(16,'ca01980e-2743-4daa-9088-65e5a6e571e7','2025-11-21 21:19:11','admin','EPC actualizada (estado: validada) sin firma'),(17,'ca01980e-2743-4daa-9088-65e5a6e571e7','2025-11-21 21:19:28','admin','EPC actualizada (estado: validada) firmada por médico'),(18,'ca01980e-2743-4daa-9088-65e5a6e571e7','2025-11-21 21:30:41','admin','EPC generada por IA'),(19,'ca01980e-2743-4daa-9088-65e5a6e571e7','2025-11-21 21:30:44','admin','EPC actualizada (estado: validada) firmada por médico'),(20,'31cac675-fdb6-419e-b2d9-19fc1998dc80','2025-11-22 00:23:32','pdimitroff','EPC creada'),(21,'31cac675-fdb6-419e-b2d9-19fc1998dc80','2025-11-22 00:23:44','pdimitroff','EPC generada por IA'),(22,'31cac675-fdb6-419e-b2d9-19fc1998dc80','2025-11-22 00:25:10','pdimitroff','EPC actualizada (estado: validada) sin firma'),(23,'5ab3aa32-7ed8-4680-981f-896745058b31','2025-11-22 00:25:36','pdimitroff','EPC actualizada (estado: validada) sin firma'),(24,'1b2a1911-f966-4f40-b15e-73be43c05400','2025-11-24 23:05:44','admin','EPC creada'),(25,'1b2a1911-f966-4f40-b15e-73be43c05400','2025-11-24 23:05:56','admin','EPC generada por IA'),(26,'9fece7da-ec46-4947-9183-9e2a678d6fbc','2025-11-25 13:23:04','admin','EPC creada'),(27,'9fece7da-ec46-4947-9183-9e2a678d6fbc','2025-11-25 13:23:12','admin','EPC generada por IA'),(28,'9fece7da-ec46-4947-9183-9e2a678d6fbc','2025-11-25 13:23:59','admin','EPC actualizada (estado: validada) firmada por médico'),(29,'60924740-4876-4d9e-bad0-f3d50be2d7d1','2025-11-25 13:24:35','admin','EPC actualizada (estado: validada) sin firma'),(30,'30bde057-1e6b-4021-923b-709782d82e98','2025-11-28 01:09:48','admin','EPC creada'),(31,'30bde057-1e6b-4021-923b-709782d82e98','2025-11-28 01:09:56','admin','EPC generada por IA'),(32,'30bde057-1e6b-4021-923b-709782d82e98','2025-11-28 01:12:04','admin','EPC actualizada (estado: validada) sin firma'),(33,'376daf08-c266-47b8-a8e5-28cbdb8fd7dc','2025-12-04 17:15:04','admin','EPC creada'),(34,'376daf08-c266-47b8-a8e5-28cbdb8fd7dc','2025-12-04 17:15:13','admin','EPC generada por IA'),(35,'622e62cf-59c7-434a-8250-1b6b2fe3a58a','2025-12-09 13:30:48','gustavop','EPC creada'),(36,'622e62cf-59c7-434a-8250-1b6b2fe3a58a','2025-12-09 13:31:02','gustavop','EPC generada por IA'),(37,'622e62cf-59c7-434a-8250-1b6b2fe3a58a','2025-12-09 13:41:59','gustavop','EPC actualizada (estado: validada) sin firma'),(38,'d2b60870-5fc9-46c0-98f2-09cccf950330','2025-12-10 14:13:01','admin','EPC creada'),(39,'d2b60870-5fc9-46c0-98f2-09cccf950330','2025-12-10 14:13:13','admin','EPC generada por IA'),(40,'8d1c901e-00dc-4f5d-a033-2df155df28fc','2025-12-10 14:16:36','admin','EPC creada'),(41,'8d1c901e-00dc-4f5d-a033-2df155df28fc','2025-12-10 14:16:45','admin','EPC generada por IA'),(42,'8d1c901e-00dc-4f5d-a033-2df155df28fc','2025-12-10 14:18:26','admin','EPC actualizada (estado: validada) sin firma'),(43,'d2b60870-5fc9-46c0-98f2-09cccf950330','2025-12-16 15:48:59','admin','EPC actualizada (estado: validada) sin firma'),(44,'d2b60870-5fc9-46c0-98f2-09cccf950330','2025-12-16 16:33:14','admin','EPC actualizada (estado: validada) sin firma'),(45,'d2b60870-5fc9-46c0-98f2-09cccf950330','2025-12-16 18:38:14','admin','EPC generada por IA'),(46,'ca01980e-2743-4daa-9088-65e5a6e571e7','2025-12-16 18:40:18','admin','EPC generada por IA'),(47,'ca01980e-2743-4daa-9088-65e5a6e571e7','2025-12-16 19:05:09','admin','EPC generada por IA'),(48,'ca01980e-2743-4daa-9088-65e5a6e571e7','2025-12-16 19:08:27','admin','EPC generada por IA'),(49,'ca01980e-2743-4daa-9088-65e5a6e571e7','2025-12-16 19:13:27','admin','EPC generada por IA'),(50,'376daf08-c266-47b8-a8e5-28cbdb8fd7dc','2025-12-16 19:14:58','admin','EPC generada por IA'),(51,'5e8fd913-e3d6-4f34-af26-99280d57a467','2025-12-16 19:16:18','admin','EPC creada'),(52,'5e8fd913-e3d6-4f34-af26-99280d57a467','2025-12-16 19:16:32','admin','EPC generada por IA'),(53,'5e8fd913-e3d6-4f34-af26-99280d57a467','2025-12-16 19:18:37','admin','EPC actualizada (estado: validada) firmada por médico'),(54,'5e8fd913-e3d6-4f34-af26-99280d57a467','2025-12-16 19:28:33','admin','EPC generada por IA'),(55,'5e8fd913-e3d6-4f34-af26-99280d57a467','2025-12-16 19:40:44','admin','EPC generada por IA'),(56,'30bde057-1e6b-4021-923b-709782d82e98','2025-12-16 20:04:35','admin','EPC generada por IA'),(57,'7af9b126-c70b-46e0-9494-1807e7e23333','2025-12-17 19:05:46','admin','EPC creada'),(58,'7af9b126-c70b-46e0-9494-1807e7e23333','2025-12-17 19:05:54','admin','EPC generada por IA'),(59,'f91aab34-c5eb-4fe9-85bc-0f9c69935e27','2025-12-17 19:08:00','admin','EPC creada'),(60,'f91aab34-c5eb-4fe9-85bc-0f9c69935e27','2025-12-17 19:08:06','admin','EPC generada por IA'),(61,'c01c2cbc-a526-48e2-abc6-e3f2c7e2d3ef','2025-12-22 10:39:01','Nelias','EPC creada'),(62,'c01c2cbc-a526-48e2-abc6-e3f2c7e2d3ef','2025-12-22 10:39:09','Nelias','EPC generada por IA'),(63,'c01c2cbc-a526-48e2-abc6-e3f2c7e2d3ef','2025-12-22 10:39:33','Nelias','EPC actualizada (estado: validada) sin firma'),(64,'f79cde6d-5d82-4de1-8fca-d2921f5a939f','2025-12-22 10:46:35','Mroverano','EPC creada'),(65,'f79cde6d-5d82-4de1-8fca-d2921f5a939f','2025-12-22 10:46:42','Mroverano','EPC generada por IA'),(66,'65a04b1b-b4b3-4036-b4b5-74e67e7b7c46','2025-12-22 12:22:18','Nelias','EPC creada'),(67,'65a04b1b-b4b3-4036-b4b5-74e67e7b7c46','2025-12-22 12:22:26','Nelias','EPC generada por IA'),(68,'b451b366-5422-4800-89b8-c59b5b1200db','2025-12-22 23:48:51','admin','EPC creada'),(69,'b451b366-5422-4800-89b8-c59b5b1200db','2025-12-22 23:48:58','admin','EPC generada por IA'),(70,'55e18d30-e317-41f4-b07e-084d87b1a137','2025-12-24 19:10:06','admin','EPC creada'),(71,'55e18d30-e317-41f4-b07e-084d87b1a137','2025-12-24 19:10:10','admin','EPC generada por IA'),(72,'1479579a-e56b-4cef-9d2c-7e125cd7a4c4','2025-12-26 04:07:59','admin','EPC creada'),(73,'1479579a-e56b-4cef-9d2c-7e125cd7a4c4','2025-12-26 04:08:03','admin','EPC generada por IA'),(74,'b6cb332c-4ff7-4023-8acb-9031a26ae195','2025-12-26 12:55:56','admin','EPC creada'),(75,'b6cb332c-4ff7-4023-8acb-9031a26ae195','2025-12-26 12:56:00','admin','EPC generada por IA'),(76,'b6cb332c-4ff7-4023-8acb-9031a26ae195','2025-12-26 12:56:52','admin','EPC actualizada (estado: validada) sin firma'),(77,'55e18d30-e317-41f4-b07e-084d87b1a137','2025-12-26 13:29:57','admin','EPC generada por IA'),(78,'c01c2cbc-a526-48e2-abc6-e3f2c7e2d3ef','2025-12-26 14:19:35','admin','EPC generada por IA'),(79,'9f31ca09-32e5-4f0e-a1d3-2c3f233b4e64','2025-12-26 15:40:29','MEConsejero','EPC creada'),(80,'9f31ca09-32e5-4f0e-a1d3-2c3f233b4e64','2025-12-26 15:40:36','MEConsejero','EPC generada por IA'),(81,'d35324d7-b23c-457c-896f-3da9c3611448','2025-12-26 16:34:33','admin','EPC creada'),(82,'d35324d7-b23c-457c-896f-3da9c3611448','2025-12-26 16:34:36','admin','EPC generada por IA'),(83,'dc8555f2-8484-4f04-82d7-9e125d01f053','2025-12-26 17:00:36','admin','EPC creada'),(84,'dc8555f2-8484-4f04-82d7-9e125d01f053','2025-12-26 17:00:40','admin','EPC generada por IA'),(85,'55e18d30-e317-41f4-b07e-084d87b1a137','2025-12-26 17:23:58','admin','EPC generada por IA'),(86,'55e18d30-e317-41f4-b07e-084d87b1a137','2025-12-26 18:06:15','admin','EPC generada por IA'),(87,'55e18d30-e317-41f4-b07e-084d87b1a137','2025-12-26 18:07:36','admin','EPC generada por IA'),(88,'3dfeb059-0df5-4c2f-922c-38c5f173b6d3','2025-12-26 18:14:08','admin','EPC creada'),(89,'3dfeb059-0df5-4c2f-922c-38c5f173b6d3','2025-12-26 18:14:12','admin','EPC generada por IA'),(90,'4c799ae2-bcc9-41c0-9fed-f71f232f2154','2025-12-26 18:17:56','admin','EPC creada'),(91,'4c799ae2-bcc9-41c0-9fed-f71f232f2154','2025-12-26 18:18:00','admin','EPC generada por IA'),(92,'50f9bc39-d1a8-463d-9218-5d19f6863262','2025-12-26 19:34:22','admin','EPC creada'),(93,'d4f5a41f-1f22-4526-ac9d-e4d0e98a125c','2025-12-26 21:48:19','Mroverano','EPC creada'),(94,'d4f5a41f-1f22-4526-ac9d-e4d0e98a125c','2025-12-26 21:48:26','Mroverano','EPC generada por IA'),(95,'2641b88b-d3d3-4c2b-bac8-837ef43536c6','2025-12-29 15:51:17','admin','EPC creada'),(96,'92bc727d-af9c-4607-b7de-9545f75d7487','2025-12-30 15:14:27','admin','EPC creada'),(97,'92bc727d-af9c-4607-b7de-9545f75d7487','2025-12-30 15:14:32','admin','EPC generada por IA'),(98,'92bc727d-af9c-4607-b7de-9545f75d7487','2025-12-30 15:14:44','admin','EPC actualizada (estado: validada) sin firma'),(99,'b787d4c2-d5ff-4002-800b-7d7d8477b823','2026-01-02 20:48:55','admin','EPC creada'),(100,'b787d4c2-d5ff-4002-800b-7d7d8477b823','2026-01-02 20:49:01','admin','EPC generada por IA'),(101,'9b70ed3c-bfa2-4174-bb6d-b2ff69082aec','2026-01-11 01:50:31','Hbritto','EPC creada'),(102,'9b70ed3c-bfa2-4174-bb6d-b2ff69082aec','2026-01-11 01:50:34','Hbritto','EPC generada por IA'),(103,'e17c8c7d-488c-4e63-8f37-4f1afefa4805','2026-01-12 15:19:32','admin','EPC creada'),(104,'e17c8c7d-488c-4e63-8f37-4f1afefa4805','2026-01-12 15:19:41','admin','EPC generada por IA'),(105,'b0fc8c2c-cfdb-44bf-857c-10041a14af2f','2026-01-12 15:23:47','admin','EPC creada'),(106,'b0fc8c2c-cfdb-44bf-857c-10041a14af2f','2026-01-12 15:23:52','admin','EPC generada por IA'),(107,'b0fc8c2c-cfdb-44bf-857c-10041a14af2f','2026-01-12 15:31:51','admin','EPC actualizada (estado: validada) sin firma'),(108,'b0fc8c2c-cfdb-44bf-857c-10041a14af2f','2026-01-12 16:01:50','admin','EPC actualizada (estado: validada) sin firma'),(109,'e17c8c7d-488c-4e63-8f37-4f1afefa4805','2026-01-12 17:20:47','admin','EPC generada por IA'),(110,'c29320b6-27ed-4d28-92e3-9da9b087cbaf','2026-01-12 18:26:24','admin','EPC creada'),(111,'c29320b6-27ed-4d28-92e3-9da9b087cbaf','2026-01-12 18:26:29','admin','EPC generada por IA'),(112,'1c7b3a53-a77a-492e-9b08-c7649c3f53ed','2026-01-12 18:42:45','admin','EPC creada'),(113,'1c7b3a53-a77a-492e-9b08-c7649c3f53ed','2026-01-12 18:42:51','admin','EPC generada por IA'),(114,'1c7b3a53-a77a-492e-9b08-c7649c3f53ed','2026-01-12 18:45:51','admin','EPC actualizada (estado: validada) sin firma'),(115,'bfc8da7a-ae4f-4903-9d16-28b0802c8e2e','2026-01-12 18:52:37','admin','EPC creada'),(116,'bfc8da7a-ae4f-4903-9d16-28b0802c8e2e','2026-01-12 18:52:43','admin','EPC generada por IA'),(117,'b0fc8c2c-cfdb-44bf-857c-10041a14af2f','2026-01-12 19:06:01','admin','EPC generada por IA'),(118,'b0fc8c2c-cfdb-44bf-857c-10041a14af2f','2026-01-12 19:06:15','admin','EPC generada por IA'),(119,'7dcbbc1c-15ac-4cd0-ba16-29ef05038465','2026-01-13 05:13:56','admin','EPC creada'),(120,'7dcbbc1c-15ac-4cd0-ba16-29ef05038465','2026-01-13 05:14:02','admin','EPC generada por IA'),(121,'7dcbbc1c-15ac-4cd0-ba16-29ef05038465','2026-01-13 05:16:41','admin','EPC actualizada (estado: validada) sin firma'),(122,'5df0c642-0ed3-4e62-8ebf-d940cb82d3e6','2026-01-14 15:21:41','admin','EPC creada'),(123,'5df0c642-0ed3-4e62-8ebf-d940cb82d3e6','2026-01-14 15:21:47','admin','EPC generada por IA'),(124,'e17c8c7d-488c-4e63-8f37-4f1afefa4805','2026-01-14 15:24:45','admin','EPC generada por IA'),(125,'fa1ef20e-b566-467f-b467-db715d75b4f5','2026-01-14 19:17:53','admin','EPC creada'),(126,'fa1ef20e-b566-467f-b467-db715d75b4f5','2026-01-14 19:18:00','admin','EPC generada por IA'),(127,'b2cec9ee-a608-4b4f-af97-874a69fda614','2026-01-15 01:14:27','admin','EPC creada'),(128,'b2cec9ee-a608-4b4f-af97-874a69fda614','2026-01-15 01:14:33','admin','EPC generada por IA'),(129,'b2cec9ee-a608-4b4f-af97-874a69fda614','2026-01-15 01:18:22','admin','EPC actualizada (estado: validada) sin firma'),(130,'b2cec9ee-a608-4b4f-af97-874a69fda614','2026-01-15 01:39:36','admin','EPC generada por IA'),(131,'b2cec9ee-a608-4b4f-af97-874a69fda614','2026-01-15 01:43:18','admin','EPC actualizada (estado: validada) sin firma'),(132,'b2cec9ee-a608-4b4f-af97-874a69fda614','2026-01-15 02:05:18','admin','EPC generada por IA'),(133,'b2cec9ee-a608-4b4f-af97-874a69fda614','2026-01-15 02:08:57','admin','EPC actualizada (estado: validada) sin firma'),(134,'c0d895ba-d985-4fbc-8c35-3aecd6af2707','2026-01-15 03:15:49','aaltamirano','EPC creada'),(135,'c0d895ba-d985-4fbc-8c35-3aecd6af2707','2026-01-15 03:15:53','aaltamirano','EPC generada por IA'),(136,'c0d895ba-d985-4fbc-8c35-3aecd6af2707','2026-01-15 03:16:05','aaltamirano','EPC actualizada (estado: validada) sin firma'),(137,'b2cec9ee-a608-4b4f-af97-874a69fda614','2026-01-15 12:06:10','aaltamirano','EPC generada por IA'),(138,'490914d9-dc51-4dfb-8195-b7ef720c9b90','2026-01-15 13:35:25','Nelias','EPC creada'),(139,'490914d9-dc51-4dfb-8195-b7ef720c9b90','2026-01-15 13:35:31','Nelias','EPC generada por IA'),(140,'490914d9-dc51-4dfb-8195-b7ef720c9b90','2026-01-15 13:54:28','Nelias','EPC actualizada (estado: validada) sin firma'),(141,'7f15233b-c1c1-4d91-8ecf-ea06e421f6e5','2026-01-15 14:31:43','Nelias','EPC creada'),(142,'7f15233b-c1c1-4d91-8ecf-ea06e421f6e5','2026-01-15 14:31:51','Nelias','EPC generada por IA'),(143,'7f15233b-c1c1-4d91-8ecf-ea06e421f6e5','2026-01-16 04:25:42','Nelias','EPC actualizada (estado: validada) sin firma'),(144,'2bec567e-6e3d-4f37-bebe-7b92d726a443','2026-01-16 04:28:55','Nelias','EPC creada'),(145,'2bec567e-6e3d-4f37-bebe-7b92d726a443','2026-01-16 04:29:01','Nelias','EPC generada por IA'),(146,'2bec567e-6e3d-4f37-bebe-7b92d726a443','2026-01-16 04:44:09','Nelias','EPC actualizada (estado: validada) sin firma'),(147,'b2cec9ee-a608-4b4f-af97-874a69fda614','2026-01-16 12:05:46','aaltamirano','EPC actualizada (estado: validada) sin firma'),(148,'f082cfda-9ec3-4748-8f3d-9142d5b28202','2026-01-16 12:25:56','aaltamirano','EPC creada'),(149,'f082cfda-9ec3-4748-8f3d-9142d5b28202','2026-01-16 12:26:05','aaltamirano','EPC generada por IA'),(150,'f082cfda-9ec3-4748-8f3d-9142d5b28202','2026-01-16 12:41:44','aaltamirano','EPC actualizada (estado: validada) sin firma'),(151,'0ddbb1ce-7db2-4131-91e7-5562d16a0ba4','2026-01-16 12:54:47','aaltamirano','EPC creada'),(152,'0ddbb1ce-7db2-4131-91e7-5562d16a0ba4','2026-01-16 12:54:55','aaltamirano','EPC generada por IA'),(153,'0ddbb1ce-7db2-4131-91e7-5562d16a0ba4','2026-01-16 13:09:44','aaltamirano','EPC actualizada (estado: validada) sin firma'),(154,'d53517ca-9497-4ad9-938b-c1e466478f91','2026-01-16 13:22:14','zeron','EPC creada'),(155,'d53517ca-9497-4ad9-938b-c1e466478f91','2026-01-16 13:22:16','zeron','EPC generada por IA'),(156,'6ecfccba-817d-4974-b607-11b502e11a33','2026-01-16 13:44:31','aaltamirano','EPC creada'),(157,'6ecfccba-817d-4974-b607-11b502e11a33','2026-01-16 13:44:41','aaltamirano','EPC generada por IA'),(158,'da3bf7d9-02f8-4f42-b20a-329b21af2c39','2026-01-16 13:49:32','zeron','EPC creada'),(159,'da3bf7d9-02f8-4f42-b20a-329b21af2c39','2026-01-16 13:49:37','zeron','EPC generada por IA'),(160,'6ecfccba-817d-4974-b607-11b502e11a33','2026-01-16 14:01:23','aaltamirano','EPC actualizada (estado: validada) sin firma'),(161,'91301c1e-fd46-435f-b841-c7ab2a28629e','2026-01-16 17:40:24','Nelias','EPC creada'),(162,'91301c1e-fd46-435f-b841-c7ab2a28629e','2026-01-16 17:40:31','Nelias','EPC generada por IA'),(163,'91301c1e-fd46-435f-b841-c7ab2a28629e','2026-01-16 18:19:03','Nelias','EPC actualizada (estado: validada) sin firma'),(164,'da3bf7d9-02f8-4f42-b20a-329b21af2c39','2026-01-16 19:18:11','admin','EPC generada por IA'),(165,'da3bf7d9-02f8-4f42-b20a-329b21af2c39','2026-01-16 19:21:02','admin','EPC generada por IA'),(166,'da3bf7d9-02f8-4f42-b20a-329b21af2c39','2026-01-16 19:29:31','admin','EPC generada por IA'),(167,'da3bf7d9-02f8-4f42-b20a-329b21af2c39','2026-01-16 23:20:23','admin','EPC generada por IA'),(168,'da3bf7d9-02f8-4f42-b20a-329b21af2c39','2026-01-16 23:29:10','admin','EPC generada por IA'),(169,'241dc94d-a812-4304-8781-59957dbe2d4b','2026-01-16 23:34:18','aaltamirano','EPC creada'),(170,'241dc94d-a812-4304-8781-59957dbe2d4b','2026-01-16 23:34:25','aaltamirano','EPC generada por IA'),(171,'da3bf7d9-02f8-4f42-b20a-329b21af2c39','2026-01-16 23:41:56','admin','EPC generada por IA'),(172,'17b87962-4619-492b-bef9-de707394d76d','2026-01-16 23:44:13','admin','EPC creada'),(173,'17b87962-4619-492b-bef9-de707394d76d','2026-01-16 23:44:18','admin','EPC generada por IA'),(174,'17b87962-4619-492b-bef9-de707394d76d','2026-01-16 23:44:38','admin','EPC actualizada (estado: validada) sin firma'),(175,'241dc94d-a812-4304-8781-59957dbe2d4b','2026-01-16 23:48:44','aaltamirano','EPC actualizada (estado: validada) sin firma'),(176,'241dc94d-a812-4304-8781-59957dbe2d4b','2026-01-16 23:55:51','aaltamirano','EPC generada por IA'),(177,'ccfbd1d6-16a0-4f59-aae8-fca4bdbcafff','2026-01-17 06:25:55','secimino','EPC creada'),(178,'ccfbd1d6-16a0-4f59-aae8-fca4bdbcafff','2026-01-17 06:25:59','secimino','EPC generada por IA'),(179,'f5427c82-7690-4e64-9cce-4a409a40767d','2026-01-17 06:27:03','secimino','EPC creada'),(180,'f5427c82-7690-4e64-9cce-4a409a40767d','2026-01-17 06:27:17','secimino','EPC generada por IA'),(181,'0097c855-b8b2-4901-a52e-3b7cf59ef1cc','2026-01-17 06:27:52','secimino','EPC creada'),(182,'0097c855-b8b2-4901-a52e-3b7cf59ef1cc','2026-01-17 06:28:00','secimino','EPC generada por IA'),(183,'7daeedf5-8ea1-4534-86c0-9bb5c2f98dc7','2026-01-17 06:30:24','secimino','EPC creada'),(184,'7daeedf5-8ea1-4534-86c0-9bb5c2f98dc7','2026-01-17 06:30:30','secimino','EPC generada por IA'),(185,'aecae82c-00f1-4349-a9ad-54fefae6d90b','2026-01-17 06:31:11','secimino','EPC creada'),(186,'aecae82c-00f1-4349-a9ad-54fefae6d90b','2026-01-17 06:31:17','secimino','EPC generada por IA'),(187,'2badd0dd-5aa5-45d0-8eed-ea9c7f1b6f51','2026-01-17 06:32:01','secimino','EPC creada'),(188,'2badd0dd-5aa5-45d0-8eed-ea9c7f1b6f51','2026-01-17 06:32:09','secimino','EPC generada por IA'),(189,'2e3a996c-25cb-49c5-896c-91996e1e2b32','2026-01-17 06:33:56','secimino','EPC creada'),(190,'2e3a996c-25cb-49c5-896c-91996e1e2b32','2026-01-17 06:34:02','secimino','EPC generada por IA'),(191,'e24abaf1-edd1-48c0-8cfc-43e08de53f04','2026-01-17 06:34:22','secimino','EPC creada'),(192,'e24abaf1-edd1-48c0-8cfc-43e08de53f04','2026-01-17 06:34:26','secimino','EPC generada por IA'),(193,'17b87962-4619-492b-bef9-de707394d76d','2026-01-17 12:28:49','aaltamirano','EPC actualizada (estado: validada) sin firma'),(194,'ec147174-72ff-472e-9e52-63c125f954f8','2026-01-17 12:42:02','aaltamirano','EPC creada'),(195,'ec147174-72ff-472e-9e52-63c125f954f8','2026-01-17 12:42:08','aaltamirano','EPC generada por IA'),(196,'ec147174-72ff-472e-9e52-63c125f954f8','2026-01-17 13:00:09','aaltamirano','EPC actualizada (estado: validada) sin firma'),(197,'6083ac77-8751-4bbe-a6df-921f5c4ff9b1','2026-01-17 13:11:53','aaltamirano','EPC creada'),(198,'6083ac77-8751-4bbe-a6df-921f5c4ff9b1','2026-01-17 13:12:08','aaltamirano','EPC generada por IA'),(199,'2e3a996c-25cb-49c5-896c-91996e1e2b32','2026-01-17 13:33:42','Mroverano','EPC generada por IA'),(200,'2e3a996c-25cb-49c5-896c-91996e1e2b32','2026-01-17 13:53:21','Mroverano','EPC actualizada (estado: validada) sin firma'),(201,'58d76a91-f0ca-4f1c-bf04-aa4d3df7ea3b','2026-01-17 14:01:17','secimino','EPC creada'),(202,'58d76a91-f0ca-4f1c-bf04-aa4d3df7ea3b','2026-01-17 14:01:23','secimino','EPC generada por IA'),(203,'fa1ef20e-b566-467f-b467-db715d75b4f5','2026-01-17 14:13:43','Mroverano','EPC generada por IA'),(204,'fa1ef20e-b566-467f-b467-db715d75b4f5','2026-01-17 14:22:29','Mroverano','EPC actualizada (estado: validada) sin firma'),(205,'9d8bd79a-6410-4508-b5a1-c8373a27a1d7','2026-01-17 14:39:48','Mroverano','EPC creada'),(206,'9d8bd79a-6410-4508-b5a1-c8373a27a1d7','2026-01-17 14:39:57','Mroverano','EPC generada por IA'),(207,'9d8bd79a-6410-4508-b5a1-c8373a27a1d7','2026-01-17 14:48:53','Mroverano','EPC actualizada (estado: validada) sin firma'),(208,'a63d9fc9-1ba5-47da-9851-7c74d0e17f81','2026-01-17 15:13:31','Mroverano','EPC creada'),(209,'a63d9fc9-1ba5-47da-9851-7c74d0e17f81','2026-01-17 15:13:39','Mroverano','EPC generada por IA'),(210,'a63d9fc9-1ba5-47da-9851-7c74d0e17f81','2026-01-17 15:26:18','Mroverano','EPC actualizada (estado: validada) sin firma'),(211,'d7dd52fc-4b12-4080-b11e-f73d7811421a','2026-01-17 15:42:20','Mroverano','EPC creada'),(212,'d7dd52fc-4b12-4080-b11e-f73d7811421a','2026-01-17 15:42:26','Mroverano','EPC generada por IA'),(213,'d7dd52fc-4b12-4080-b11e-f73d7811421a','2026-01-17 15:54:02','Mroverano','EPC actualizada (estado: validada) sin firma'),(214,'38ba5741-03f4-4257-8062-87714bcc8c06','2026-01-18 07:14:29','secimino','EPC creada'),(215,'38ba5741-03f4-4257-8062-87714bcc8c06','2026-01-18 07:14:33','secimino','EPC generada por IA'),(216,'0cee721e-0842-4204-9823-99ff2a9a92f2','2026-01-18 14:41:13','secimino','EPC creada'),(217,'0cee721e-0842-4204-9823-99ff2a9a92f2','2026-01-18 14:41:19','secimino','EPC generada por IA'),(218,'b2cec9ee-a608-4b4f-af97-874a69fda614','2026-01-18 17:14:51','pdimitroff','EPC actualizada (estado: validada) sin firma'),(219,'b2cec9ee-a608-4b4f-af97-874a69fda614','2026-01-18 17:15:56','pdimitroff','EPC generada por IA'),(220,'b148b60f-9e9b-400b-9578-1feac9cebb0b','2026-01-19 00:04:18','aaltamirano','EPC creada'),(221,'b148b60f-9e9b-400b-9578-1feac9cebb0b','2026-01-19 00:04:24','aaltamirano','EPC generada por IA'),(222,'b148b60f-9e9b-400b-9578-1feac9cebb0b','2026-01-19 00:31:14','aaltamirano','EPC actualizada (estado: validada) sin firma'),(223,'b148b60f-9e9b-400b-9578-1feac9cebb0b','2026-01-19 00:32:09','aaltamirano','EPC actualizada (estado: validada) sin firma'),(224,'b148b60f-9e9b-400b-9578-1feac9cebb0b','2026-01-19 00:40:54','aaltamirano','EPC actualizada (estado: validada) sin firma'),(225,'8886465d-ff2d-4c11-875e-6a9e45ccb1ba','2026-01-19 00:50:26','aaltamirano','EPC creada'),(226,'8886465d-ff2d-4c11-875e-6a9e45ccb1ba','2026-01-19 00:50:33','aaltamirano','EPC generada por IA'),(227,'8886465d-ff2d-4c11-875e-6a9e45ccb1ba','2026-01-19 01:10:33','aaltamirano','EPC actualizada (estado: validada) sin firma'),(228,'c25d7096-9be3-4e22-b75b-aec7fdcfa954','2026-01-19 14:12:47','Nelias','EPC creada'),(229,'c25d7096-9be3-4e22-b75b-aec7fdcfa954','2026-01-19 14:12:53','Nelias','EPC generada por IA'),(230,'c25d7096-9be3-4e22-b75b-aec7fdcfa954','2026-01-19 15:09:26','Nelias','EPC actualizada (estado: validada) sin firma'),(231,'60e50648-bffe-4621-bdd0-236f1ad87915','2026-01-19 15:26:00','Nelias','EPC creada'),(232,'60e50648-bffe-4621-bdd0-236f1ad87915','2026-01-19 15:26:06','Nelias','EPC generada por IA'),(233,'bd9c4d1b-6b2d-47a6-8fda-8eec09354b80','2026-01-19 17:00:36','Nelias','EPC creada'),(234,'bd9c4d1b-6b2d-47a6-8fda-8eec09354b80','2026-01-19 17:00:41','Nelias','EPC generada por IA'),(235,'a08a2ccd-5275-4a5b-81c1-8b6543ffad24','2026-01-19 22:18:19','secimino','EPC creada'),(236,'a08a2ccd-5275-4a5b-81c1-8b6543ffad24','2026-01-19 22:18:30','secimino','EPC generada por IA'),(237,'b02f9972-8621-4792-88be-513120c042e6','2026-01-19 22:48:23','aaltamirano','EPC creada'),(238,'b02f9972-8621-4792-88be-513120c042e6','2026-01-19 22:48:31','aaltamirano','EPC generada por IA'),(239,'b02f9972-8621-4792-88be-513120c042e6','2026-01-19 23:06:03','aaltamirano','EPC actualizada (estado: validada) sin firma'),(240,'bd9c4d1b-6b2d-47a6-8fda-8eec09354b80','2026-01-20 01:56:07','Nelias','EPC actualizada (estado: validada) sin firma'),(241,'4f67232d-6354-45e9-aa04-d56038ec5069','2026-01-20 01:58:32','Nelias','EPC creada'),(242,'4f67232d-6354-45e9-aa04-d56038ec5069','2026-01-20 01:58:37','Nelias','EPC generada por IA'),(243,'ed929a81-1213-40b6-ac1c-fa5467f3a69a','2026-01-20 02:12:58','Nelias','EPC creada'),(244,'ed929a81-1213-40b6-ac1c-fa5467f3a69a','2026-01-20 02:13:03','Nelias','EPC generada por IA'),(245,'ed929a81-1213-40b6-ac1c-fa5467f3a69a','2026-01-20 02:28:17','Nelias','EPC actualizada (estado: validada) sin firma'),(246,'4f67232d-6354-45e9-aa04-d56038ec5069','2026-01-20 02:57:09','Nelias','EPC actualizada (estado: validada) sin firma'),(247,'1e198649-b447-4af2-92a5-9eab074ef24a','2026-01-20 02:59:33','Nelias','EPC creada'),(248,'1e198649-b447-4af2-92a5-9eab074ef24a','2026-01-20 02:59:44','Nelias','EPC generada por IA'),(249,'17b87962-4619-492b-bef9-de707394d76d','2026-01-20 12:17:13','admin','EPC actualizada (estado: validada) sin firma'),(250,'baf52ccd-1365-490b-9686-3bd75faed797','2026-01-20 12:30:42','Nelias','EPC creada'),(251,'baf52ccd-1365-490b-9686-3bd75faed797','2026-01-20 12:30:50','Nelias','EPC generada por IA'),(252,'17b87962-4619-492b-bef9-de707394d76d','2026-01-20 13:15:21','admin','EPC actualizada (estado: validada) sin firma'),(253,'17b87962-4619-492b-bef9-de707394d76d','2026-01-20 13:18:59','admin','EPC actualizada (estado: validada) sin firma'),(254,'17b87962-4619-492b-bef9-de707394d76d','2026-01-20 14:49:54','admin','EPC actualizada (estado: validada) sin firma'),(255,'17b87962-4619-492b-bef9-de707394d76d','2026-01-20 14:56:11','admin','EPC actualizada (estado: validada) sin firma'),(256,'17b87962-4619-492b-bef9-de707394d76d','2026-01-20 14:58:15','admin','EPC actualizada (estado: validada) sin firma'),(257,'17b87962-4619-492b-bef9-de707394d76d','2026-01-20 15:03:19','admin','EPC actualizada (estado: validada) sin firma'),(258,'048000ec-a84c-412f-84ce-5582681be01a','2026-01-20 15:28:28','Nelias','EPC creada'),(259,'048000ec-a84c-412f-84ce-5582681be01a','2026-01-20 15:28:35','Nelias','EPC generada por IA'),(260,'17b87962-4619-492b-bef9-de707394d76d','2026-01-20 16:58:55','admin','EPC actualizada (estado: validada) sin firma'),(261,'17b87962-4619-492b-bef9-de707394d76d','2026-01-20 17:28:42','admin','EPC actualizada (estado: validada) sin firma'),(262,'17b87962-4619-492b-bef9-de707394d76d','2026-01-20 17:34:39','admin','EPC actualizada (estado: validada) sin firma'),(263,'0097c855-b8b2-4901-a52e-3b7cf59ef1cc','2026-01-20 18:36:53','aaltamirano','EPC generada por IA'),(264,'c3abf788-db15-4dfb-ae53-4523796252fc','2026-01-20 19:40:17','MEConsejero','EPC creada'),(265,'c3abf788-db15-4dfb-ae53-4523796252fc','2026-01-20 19:40:23','MEConsejero','EPC generada por IA'),(266,'012d3486-fd9d-40e4-9165-08009fb71421','2026-01-20 19:43:13','secimino','EPC creada'),(267,'012d3486-fd9d-40e4-9165-08009fb71421','2026-01-20 19:43:18','secimino','EPC generada por IA'),(268,'5dd36a6d-92d7-4164-9a96-18d87d4673e6','2026-01-20 21:14:01','MEConsejero','EPC creada'),(269,'5dd36a6d-92d7-4164-9a96-18d87d4673e6','2026-01-20 21:14:05','MEConsejero','EPC generada por IA'),(270,'fcb83837-c529-4b7e-9be2-4fae64b1bf55','2026-01-20 21:45:18','MEConsejero','EPC creada'),(271,'fcb83837-c529-4b7e-9be2-4fae64b1bf55','2026-01-20 21:45:41','MEConsejero','EPC generada por IA'),(272,'8715b14e-b914-48fa-9f2a-2407c0414a80','2026-01-20 22:24:52','MEConsejero','EPC creada'),(273,'8715b14e-b914-48fa-9f2a-2407c0414a80','2026-01-20 22:24:58','MEConsejero','EPC generada por IA'),(274,'122b56f6-2e75-43a4-a31b-d5db4ddfdcbc','2026-01-20 22:44:00','secimino','EPC creada'),(275,'122b56f6-2e75-43a4-a31b-d5db4ddfdcbc','2026-01-20 22:44:03','secimino','EPC generada por IA'),(276,'b9244a46-5621-49fd-a5fc-c8ca19bcdc70','2026-01-21 04:26:22','secimino','EPC creada'),(277,'b9244a46-5621-49fd-a5fc-c8ca19bcdc70','2026-01-21 04:26:28','secimino','EPC generada por IA'),(278,'85402c5f-61a1-42b8-b43e-7c689ce83e60','2026-01-21 04:27:58','secimino','EPC creada'),(279,'85402c5f-61a1-42b8-b43e-7c689ce83e60','2026-01-21 04:28:13','secimino','EPC generada por IA'),(280,'76513b82-7183-4ca5-93c2-16244e9c6a5d','2026-01-21 13:30:43','secimino','EPC creada'),(281,'76513b82-7183-4ca5-93c2-16244e9c6a5d','2026-01-21 13:30:45','secimino','EPC generada por IA'),(282,'abb5bffd-2404-40c3-9570-56a00bf7ee4e','2026-01-21 13:32:30','secimino','EPC creada'),(283,'abb5bffd-2404-40c3-9570-56a00bf7ee4e','2026-01-21 13:32:39','secimino','EPC generada por IA'),(284,'11bd5eaf-67b4-48f6-b263-e9c07c289b13','2026-01-21 13:34:03','secimino','EPC creada'),(285,'11bd5eaf-67b4-48f6-b263-e9c07c289b13','2026-01-21 13:34:14','secimino','EPC generada por IA'),(286,'dbd660b0-e9ac-4731-8bb0-f489d1c45e35','2026-01-21 13:36:52','secimino','EPC creada'),(287,'dbd660b0-e9ac-4731-8bb0-f489d1c45e35','2026-01-21 13:37:03','secimino','EPC generada por IA'),(288,'da7e084b-4619-4dde-830d-0f33dc6879b9','2026-01-21 13:38:21','secimino','EPC creada'),(289,'da7e084b-4619-4dde-830d-0f33dc6879b9','2026-01-21 13:38:35','secimino','EPC generada por IA'),(290,'eff15649-380b-4f86-87fa-ef7e9e5e139d','2026-01-21 13:39:27','secimino','EPC creada'),(291,'eff15649-380b-4f86-87fa-ef7e9e5e139d','2026-01-21 13:39:51','secimino','EPC generada por IA'),(292,'84936551-6be1-41bf-ad4a-bd1c3a8c4d8a','2026-01-22 21:39:47','secimino','EPC creada'),(293,'84936551-6be1-41bf-ad4a-bd1c3a8c4d8a','2026-01-22 21:39:58','secimino','EPC generada por IA'),(294,'04309513-85f1-4240-8b75-b38b73924486','2026-01-23 12:17:10','aaltamirano','EPC creada'),(295,'04309513-85f1-4240-8b75-b38b73924486','2026-01-23 12:17:26','aaltamirano','EPC generada por IA'),(296,'04309513-85f1-4240-8b75-b38b73924486','2026-01-23 12:18:20','aaltamirano','EPC generada por IA'),(297,'86fe8b05-d66e-41e1-b520-ba4b1e230792','2026-01-23 18:04:20','secimino','EPC creada'),(298,'86fe8b05-d66e-41e1-b520-ba4b1e230792','2026-01-23 18:04:27','secimino','EPC generada por IA'),(299,'e17c8c7d-488c-4e63-8f37-4f1afefa4805','2026-01-23 20:53:09','secimino','EPC generada por IA'),(300,'11bd5eaf-67b4-48f6-b263-e9c07c289b13','2026-01-23 23:44:00','aaltamirano','EPC actualizada (estado: validada) sin firma'),(301,'11bd5eaf-67b4-48f6-b263-e9c07c289b13','2026-01-24 14:48:24','Mroverano','EPC actualizada (estado: validada) sin firma'),(302,'5c55cc6c-64f4-4dce-8077-4aa22b893dd0','2026-01-26 14:49:28','Nelias','EPC creada'),(303,'5c55cc6c-64f4-4dce-8077-4aa22b893dd0','2026-01-26 14:49:42','Nelias','EPC generada por IA'),(304,'5c55cc6c-64f4-4dce-8077-4aa22b893dd0','2026-01-26 22:26:12','secimino','EPC generada por IA'),(305,'5c55cc6c-64f4-4dce-8077-4aa22b893dd0','2026-01-26 22:27:15','secimino','EPC actualizada (estado: validada) sin firma'),(306,'5fec4459-4aed-41db-8244-b81d34d6b334','2026-01-27 02:55:18','Nelias','EPC creada'),(307,'5fec4459-4aed-41db-8244-b81d34d6b334','2026-01-27 02:55:26','Nelias','EPC generada por IA');
/*!40000 ALTER TABLE `epc_events` ENABLE KEYS */;
UNLOCK TABLES;

--
-- Table structure for table `patient_status`
--

DROP TABLE IF EXISTS `patient_status`;
/*!40101 SET @saved_cs_client     = @@character_set_client */;
/*!50503 SET character_set_client = utf8mb4 */;
CREATE TABLE `patient_status` (
  `patient_id` char(36) COLLATE utf8mb4_unicode_ci NOT NULL,
  `estado` varchar(20) COLLATE utf8mb4_unicode_ci NOT NULL,
  `observaciones` text COLLATE utf8mb4_unicode_ci,
  `updated_at` datetime NOT NULL DEFAULT CURRENT_TIMESTAMP,
  PRIMARY KEY (`patient_id`),
  CONSTRAINT `patient_status_ibfk_1` FOREIGN KEY (`patient_id`) REFERENCES `patients` (`id`) ON DELETE CASCADE
) ENGINE=InnoDB DEFAULT CHARSET=utf8mb4 COLLATE=utf8mb4_unicode_ci;
/*!40101 SET character_set_client = @saved_cs_client */;

--
-- Dumping data for table `patient_status`
--

LOCK TABLES `patient_status` WRITE;
/*!40000 ALTER TABLE `patient_status` DISABLE KEYS */;
INSERT INTO `patient_status` VALUES ('15a25b2f-f9e2-4fec-ae50-4d7c4cbc812c','epc_generada','Estado EPC \'validada\' seteado por sistema','2026-01-20 02:11:55'),('AINSTEIN_10258','epc_generada','EPC generada (epc_id=86fe8b05-d66e-41e1-b520-ba4b1e230792) a partir de HCE 6973b80d90121eb56a093377','2026-01-23 18:04:27'),('AINSTEIN_20347','epc_generada','EPC generada (epc_id=84936551-6be1-41bf-ad4a-bd1c3a8c4d8a) a partir de HCE 6972985990121eb56a093342','2026-01-22 21:39:58'),('AINSTEIN_378121','epc_generada','Estado EPC \'validada\' seteado por sistema','2026-01-15 03:15:53'),('AINSTEIN_378262','epc_generada','Estado EPC \'validada\' seteado por sistema','2026-01-15 13:35:31'),('AINSTEIN_378413','epc_generada','Estado EPC \'validada\' seteado por sistema','2026-01-15 14:31:51'),('AINSTEIN_378471','epc_generada','EPC generada (epc_id=b9244a46-5621-49fd-a5fc-c8ca19bcdc70) a partir de HCE 6970118990121eb56a09330f','2026-01-21 04:26:28'),('AINSTEIN_378574','epc_generada','EPC generada (epc_id=048000ec-a84c-412f-84ce-5582681be01a) a partir de HCE 696f9f0a3fdb8bbd92e7e60b','2026-01-20 15:28:35'),('AINSTEIN_378705','epc_generada','EPC generada (epc_id=dbd660b0-e9ac-4731-8bb0-f489d1c45e35) a partir de HCE 6970d46190121eb56a093328','2026-01-21 13:37:03'),('AINSTEIN_378932','epc_generada','EPC generada (epc_id=b2cec9ee-a608-4b4f-af97-874a69fda614) a partir de HCE 69683e701fda2ed46f8fcf0b','2026-01-15 12:06:10'),('AINSTEIN_379213','epc_generada','Estado EPC \'validada\' seteado por sistema','2026-01-16 04:29:01'),('AINSTEIN_379311','epc_generada','EPC generada (epc_id=122b56f6-2e75-43a4-a31b-d5db4ddfdcbc) a partir de HCE 697004eb90121eb56a0932fe','2026-01-20 22:44:03'),('AINSTEIN_380099','epc_generada','Estado EPC \'validada\' seteado por sistema','2026-01-17 14:13:43'),('AINSTEIN_381537','epc_generada','Estado EPC \'validada\' seteado por sistema','2026-01-17 12:42:08'),('AINSTEIN_381776','epc_generada','Estado EPC \'validada\' seteado por sistema','2026-01-16 12:26:05'),('AINSTEIN_382647','epc_generada','EPC generada (epc_id=e17c8c7d-488c-4e63-8f37-4f1afefa4805) a partir de HCE 696510e47ab4b505c7d362f2','2026-01-23 20:53:09'),('AINSTEIN_383433','epc_generada','Estado EPC \'validada\' seteado por sistema','2026-01-20 01:58:37'),('AINSTEIN_383615','epc_generada','EPC generada (epc_id=38ba5741-03f4-4257-8062-87714bcc8c06) a partir de HCE 696be7c8cb0249c72b4147f6','2026-01-18 07:14:33'),('AINSTEIN_387454','epc_generada','EPC generada (epc_id=da7e084b-4619-4dde-830d-0f33dc6879b9) a partir de HCE 6970d4ad90121eb56a093329','2026-01-21 13:38:35'),('AINSTEIN_401410','epc_generada','Estado EPC \'validada\' seteado por sistema','2026-01-16 13:44:41'),('AINSTEIN_402006','epc_generada','Estado EPC \'validada\' seteado por sistema','2026-01-16 23:44:18'),('AINSTEIN_403371','epc_generada','EPC generada (epc_id=baf52ccd-1365-490b-9686-3bd75faed797) a partir de HCE 696f7564cb0249c72b41488f','2026-01-20 12:30:50'),('AINSTEIN_409872','epc_generada','EPC generada (epc_id=85402c5f-61a1-42b8-b43e-7c689ce83e60) a partir de HCE 697055c690121eb56a093315','2026-01-21 04:28:13'),('AINSTEIN_411729','epc_generada','EPC generada (epc_id=1e198649-b447-4af2-92a5-9eab074ef24a) a partir de HCE 696eef7dcb0249c72b41487e','2026-01-20 02:59:44'),('AINSTEIN_415470','epc_generada','Estado EPC \'validada\' seteado por sistema','2026-01-21 13:34:14'),('AINSTEIN_427997','epc_generada','EPC generada (epc_id=012d3486-fd9d-40e4-9165-08009fb71421) a partir de HCE 696fda7227decc17b2431c73','2026-01-20 19:43:18'),('AINSTEIN_430173','epc_generada','Estado EPC \'validada\' seteado por sistema','2026-01-17 15:13:39'),('AINSTEIN_435974','epc_generada','EPC generada (epc_id=6083ac77-8751-4bbe-a6df-921f5c4ff9b1) a partir de HCE 696b881ccb0249c72b4147bd','2026-01-17 13:12:08'),('AINSTEIN_438721','epc_generada','Estado EPC \'validada\' seteado por sistema','2026-01-17 15:42:26'),('AINSTEIN_444893','epc_generada','EPC generada (epc_id=5fec4459-4aed-41db-8244-b81d34d6b334) a partir de HCE 697828ff90121eb56a0933ac','2026-01-27 02:55:26'),('AINSTEIN_462059','epc_generada','EPC generada (epc_id=76513b82-7183-4ca5-93c2-16244e9c6a5d) a partir de HCE 6970d4e590121eb56a09332b','2026-01-21 13:30:45'),('AINSTEIN_463778','epc_generada','Estado EPC \'validada\' seteado por sistema','2026-01-16 17:40:31'),('AINSTEIN_484660','epc_generada','EPC generada (epc_id=abb5bffd-2404-40c3-9570-56a00bf7ee4e) a partir de HCE 6970d3b890121eb56a093326','2026-01-21 13:32:39'),('AINSTEIN_487379','epc_generada','EPC generada (epc_id=eff15649-380b-4f86-87fa-ef7e9e5e139d) a partir de HCE 6970d4d990121eb56a09332a','2026-01-21 13:39:51'),('AINSTEIN_500339','epc_generada','EPC generada (epc_id=241dc94d-a812-4304-8781-59957dbe2d4b) a partir de HCE 696ac7c3b5ed78fd9fe7dcfd','2026-01-16 23:34:25'),('AINSTEIN_500599','epc_generada','Estado EPC \'validada\' seteado por sistema','2026-01-19 14:12:53'),('AINSTEIN_524430','epc_generada','Estado EPC \'validada\' seteado por sistema','2026-01-19 22:48:31'),('AINSTEIN_524534','epc_generada','EPC generada (epc_id=a08a2ccd-5275-4a5b-81c1-8b6543ffad24) a partir de HCE 696eac6fcb0249c72b414854','2026-01-19 22:18:30'),('AINSTEIN_532721','epc_generada','EPC generada (epc_id=0097c855-b8b2-4901-a52e-3b7cf59ef1cc) a partir de HCE 696b2b4acb0249c72b41479d','2026-01-20 18:36:53'),('AINSTEIN_533485','epc_generada','EPC generada (epc_id=0cee721e-0842-4204-9823-99ff2a9a92f2) a partir de HCE 696cf067cb0249c72b414813','2026-01-18 14:41:19'),('AINSTEIN_535420','epc_generada','EPC generada (epc_id=04309513-85f1-4240-8b75-b38b73924486) a partir de HCE 6973604e90121eb56a09334b','2026-01-23 12:17:26'),('AINSTEIN_544941','epc_generada','EPC generada (epc_id=60e50648-bffe-4621-bdd0-236f1ad87915) a partir de HCE 696e4cf8cb0249c72b414849','2026-01-19 15:26:06'),('AINSTEIN_546749','epc_generada','Estado EPC \'validada\' seteado por sistema','2026-01-26 14:49:42'),('AINSTEIN_548565','epc_generada','Estado EPC \'validada\' seteado por sistema','2026-01-19 17:00:41'),('AINSTEIN_549183','epc_generada','Estado EPC \'validada\' seteado por sistema','2026-01-19 00:04:24'),('AINSTEIN_554729','epc_generada','Estado EPC \'validada\' seteado por sistema','2026-01-17 14:39:57'),('AINSTEIN_556336','epc_generada','Estado EPC \'validada\' seteado por sistema','2026-01-16 12:54:55'),('AINSTEIN_558635','epc_generada','EPC generada (epc_id=5dd36a6d-92d7-4164-9a96-18d87d4673e6) a partir de HCE 696fe16527decc17b2431c83','2026-01-20 21:14:05'),('AINSTEIN_559674','epc_generada','Estado EPC \'validada\' seteado por sistema','2026-01-19 00:50:33'),('AINSTEIN_559808','epc_generada','Estado EPC \'validada\' seteado por sistema','2026-01-17 13:33:42'),('AINSTEIN_559971','epc_generada','EPC generada (epc_id=c3abf788-db15-4dfb-ae53-4523796252fc) a partir de HCE 696fd2c227decc17b2431c68','2026-01-20 19:40:23'),('AINSTEIN_560058','epc_generada','EPC generada (epc_id=fcb83837-c529-4b7e-9be2-4fae64b1bf55) a partir de HCE 696ff22317195bf8b8517bfb','2026-01-20 21:45:41'),('AINSTEIN_560065','epc_generada','EPC generada (epc_id=8715b14e-b914-48fa-9f2a-2407c0414a80) a partir de HCE 696ff96390121eb56a0932f5','2026-01-20 22:24:58');
/*!40000 ALTER TABLE `patient_status` ENABLE KEYS */;
UNLOCK TABLES;

--
-- Table structure for table `patients`
--

DROP TABLE IF EXISTS `patients`;
/*!40101 SET @saved_cs_client     = @@character_set_client */;
/*!50503 SET character_set_client = utf8mb4 */;
CREATE TABLE `patients` (
  `id` char(36) COLLATE utf8mb4_unicode_ci NOT NULL,
  `dni` varchar(20) COLLATE utf8mb4_unicode_ci DEFAULT NULL,
  `cuil` varchar(20) COLLATE utf8mb4_unicode_ci DEFAULT NULL,
  `obra_social` varchar(80) COLLATE utf8mb4_unicode_ci DEFAULT NULL,
  `nro_beneficiario` varchar(50) COLLATE utf8mb4_unicode_ci DEFAULT NULL,
  `apellido` varchar(80) COLLATE utf8mb4_unicode_ci NOT NULL,
  `nombre` varchar(80) COLLATE utf8mb4_unicode_ci NOT NULL,
  `fecha_nacimiento` varchar(10) COLLATE utf8mb4_unicode_ci DEFAULT NULL,
  `sexo` varchar(10) COLLATE utf8mb4_unicode_ci DEFAULT NULL,
  `telefono` varchar(40) COLLATE utf8mb4_unicode_ci DEFAULT NULL,
  `email` varchar(120) COLLATE utf8mb4_unicode_ci DEFAULT NULL,
  `domicilio` text COLLATE utf8mb4_unicode_ci,
  `estado` varchar(50) COLLATE utf8mb4_unicode_ci DEFAULT NULL,
  `created_at` datetime NOT NULL DEFAULT CURRENT_TIMESTAMP,
  `updated_at` datetime DEFAULT NULL,
  PRIMARY KEY (`id`)
) ENGINE=InnoDB DEFAULT CHARSET=utf8mb4 COLLATE=utf8mb4_unicode_ci;
/*!40101 SET character_set_client = @saved_cs_client */;

--
-- Dumping data for table `patients`
--

LOCK TABLES `patients` WRITE;
/*!40000 ALTER TABLE `patients` DISABLE KEYS */;
INSERT INTO `patients` VALUES ('15a25b2f-f9e2-4fec-ae50-4d7c4cbc812c',NULL,NULL,'PAMI UGL VI','150','tj','tj',NULL,NULL,NULL,NULL,NULL,'epc_generada','2026-01-20 02:11:55','2026-01-20 02:28:17'),('AINSTEIN_10258',NULL,NULL,NULL,NULL,'AINSTEIN','10258',NULL,'M',NULL,NULL,NULL,'epc_generada','2026-01-23 18:03:57','2026-01-23 18:04:27'),('AINSTEIN_20347',NULL,NULL,NULL,NULL,'AINSTEIN','20347',NULL,'F',NULL,NULL,NULL,'epc_generada','2026-01-22 21:36:25','2026-01-22 21:39:58'),('AINSTEIN_378121',NULL,NULL,NULL,NULL,'AINSTEIN','378121',NULL,'F',NULL,NULL,NULL,'epc_generada','2026-01-15 03:15:44','2026-01-15 03:16:05'),('AINSTEIN_378262',NULL,NULL,NULL,NULL,'AINSTEIN','378262',NULL,'M',NULL,NULL,NULL,'epc_generada','2026-01-15 13:00:44','2026-01-15 13:54:28'),('AINSTEIN_378413',NULL,NULL,NULL,NULL,'AINSTEIN','378413',NULL,'F',NULL,NULL,NULL,'epc_generada','2026-01-15 14:19:04','2026-01-16 04:25:42'),('AINSTEIN_378471',NULL,NULL,NULL,NULL,'AINSTEIN','378471',NULL,'M',NULL,NULL,NULL,'epc_generada','2026-01-20 23:36:41','2026-01-21 04:26:28'),('AINSTEIN_378574',NULL,NULL,NULL,NULL,'AINSTEIN','378574',NULL,'F',NULL,NULL,NULL,'epc_generada','2026-01-20 15:28:01','2026-01-20 15:28:35'),('AINSTEIN_378705',NULL,NULL,NULL,NULL,'AINSTEIN','378705',NULL,'M',NULL,NULL,NULL,'epc_generada','2026-01-21 13:28:01','2026-01-21 13:37:03'),('AINSTEIN_378932',NULL,NULL,NULL,NULL,'AINSTEIN','378932',NULL,'M',NULL,NULL,NULL,'epc_generada','2026-01-15 12:03:22','2026-01-18 17:15:56'),('AINSTEIN_379213',NULL,NULL,NULL,NULL,'AINSTEIN','379213',NULL,'F',NULL,NULL,NULL,'epc_generada','2026-01-16 04:28:41','2026-01-16 04:44:09'),('AINSTEIN_379311',NULL,NULL,NULL,NULL,'AINSTEIN','379311',NULL,'F',NULL,NULL,NULL,'epc_generada','2026-01-20 22:42:51','2026-01-20 22:44:03'),('AINSTEIN_380099',NULL,NULL,NULL,NULL,'AINSTEIN','380099',NULL,'M',NULL,NULL,NULL,'epc_generada','2026-01-17 13:54:12','2026-01-17 14:22:29'),('AINSTEIN_381537',NULL,NULL,NULL,NULL,'AINSTEIN','381537',NULL,'F',NULL,NULL,NULL,'epc_generada','2026-01-17 12:32:28','2026-01-17 13:00:09'),('AINSTEIN_381776',NULL,NULL,NULL,NULL,'AINSTEIN','381776',NULL,'M',NULL,NULL,NULL,'epc_generada','2026-01-16 12:12:08','2026-01-16 12:41:44'),('AINSTEIN_382647',NULL,NULL,NULL,NULL,'AINSTEIN','382647',NULL,'F',NULL,NULL,NULL,'epc_generada','2026-01-23 20:52:36','2026-01-23 20:53:09'),('AINSTEIN_383433',NULL,NULL,NULL,NULL,'AINSTEIN','383433',NULL,'M',NULL,NULL,NULL,'epc_generada','2026-01-20 01:58:13','2026-01-20 02:57:09'),('AINSTEIN_383615',NULL,NULL,NULL,NULL,'AINSTEIN','383615',NULL,'F',NULL,NULL,NULL,'epc_generada','2026-01-17 19:49:28','2026-01-18 07:14:33'),('AINSTEIN_387454',NULL,NULL,NULL,NULL,'AINSTEIN','387454',NULL,'F',NULL,NULL,NULL,'epc_generada','2026-01-21 13:29:17','2026-01-21 13:38:35'),('AINSTEIN_401410',NULL,NULL,NULL,NULL,'AINSTEIN','401410',NULL,'M',NULL,NULL,NULL,'epc_generada','2026-01-16 13:25:01','2026-01-16 14:01:23'),('AINSTEIN_402006',NULL,NULL,NULL,NULL,'AINSTEIN','402006',NULL,'M',NULL,NULL,NULL,'epc_generada','2026-01-16 23:43:01','2026-01-20 17:34:39'),('AINSTEIN_403371',NULL,NULL,NULL,NULL,'AINSTEIN','403371',NULL,'F',NULL,NULL,NULL,'epc_generada','2026-01-20 12:30:28','2026-01-20 12:30:50'),('AINSTEIN_409872',NULL,NULL,NULL,NULL,'AINSTEIN','409872',NULL,'M',NULL,NULL,NULL,'epc_generada','2026-01-21 04:27:50','2026-01-21 04:28:13'),('AINSTEIN_411729',NULL,NULL,NULL,NULL,'AINSTEIN','411729',NULL,'F',NULL,NULL,NULL,'epc_generada','2026-01-20 02:58:59','2026-01-20 02:59:44'),('AINSTEIN_415470',NULL,NULL,NULL,NULL,'AINSTEIN','415470',NULL,'M',NULL,NULL,NULL,'epc_generada','2026-01-21 13:26:21','2026-01-24 14:48:24'),('AINSTEIN_427997',NULL,NULL,NULL,NULL,'AINSTEIN','427997',NULL,'F',NULL,NULL,NULL,'epc_generada','2026-01-20 19:41:38','2026-01-20 19:43:18'),('AINSTEIN_430173',NULL,NULL,NULL,NULL,'AINSTEIN','430173',NULL,'M',NULL,NULL,NULL,'epc_generada','2026-01-17 14:59:14','2026-01-17 15:26:18'),('AINSTEIN_435974',NULL,NULL,NULL,NULL,'AINSTEIN','435974',NULL,'M',NULL,NULL,NULL,'epc_generada','2026-01-17 13:01:16','2026-01-17 13:12:08'),('AINSTEIN_438721',NULL,NULL,NULL,NULL,'AINSTEIN','438721',NULL,'F',NULL,NULL,NULL,'epc_generada','2026-01-17 15:29:22','2026-01-17 15:54:02'),('AINSTEIN_444893',NULL,NULL,NULL,NULL,'AINSTEIN','444893',NULL,'M',NULL,NULL,NULL,'epc_generada','2026-01-27 02:54:55','2026-01-27 02:55:26'),('AINSTEIN_462059',NULL,NULL,NULL,NULL,'AINSTEIN','462059',NULL,'M',NULL,NULL,NULL,'epc_generada','2026-01-21 13:30:12','2026-01-21 13:30:45'),('AINSTEIN_463778',NULL,NULL,NULL,NULL,'AINSTEIN','463778',NULL,'M',NULL,NULL,NULL,'epc_generada','2026-01-16 17:40:01','2026-01-16 18:19:03'),('AINSTEIN_484660',NULL,NULL,NULL,NULL,'AINSTEIN','484660',NULL,'M',NULL,NULL,NULL,'epc_generada','2026-01-21 13:25:12','2026-01-21 13:32:39'),('AINSTEIN_487379',NULL,NULL,NULL,NULL,'AINSTEIN','487379',NULL,'F',NULL,NULL,NULL,'epc_generada','2026-01-21 13:30:01','2026-01-21 13:39:51'),('AINSTEIN_500339',NULL,NULL,NULL,NULL,'AINSTEIN','500339',NULL,'F',NULL,NULL,NULL,'epc_generada','2026-01-16 23:20:35','2026-01-16 23:55:51'),('AINSTEIN_500599',NULL,NULL,NULL,NULL,'AINSTEIN','500599',NULL,'M',NULL,NULL,NULL,'epc_generada','2026-01-19 14:12:24','2026-01-19 15:09:26'),('AINSTEIN_524430',NULL,NULL,NULL,NULL,'AINSTEIN','524430',NULL,'M',NULL,NULL,NULL,'epc_generada','2026-01-19 22:20:04','2026-01-19 23:06:03'),('AINSTEIN_524534',NULL,NULL,NULL,NULL,'AINSTEIN','524534',NULL,'F',NULL,NULL,NULL,'epc_generada','2026-01-19 22:13:03','2026-01-19 22:18:30'),('AINSTEIN_532721',NULL,NULL,NULL,NULL,'AINSTEIN','532721',NULL,'F',NULL,NULL,NULL,'epc_generada','2026-01-20 13:23:19','2026-01-20 18:36:53'),('AINSTEIN_533485',NULL,NULL,NULL,NULL,'AINSTEIN','533485',NULL,'F',NULL,NULL,NULL,'epc_generada','2026-01-18 14:38:31','2026-01-18 14:41:19'),('AINSTEIN_535420',NULL,NULL,NULL,NULL,'AINSTEIN','535420',NULL,'M',NULL,NULL,NULL,'epc_generada','2026-01-23 11:49:34','2026-01-23 12:18:20'),('AINSTEIN_544941',NULL,NULL,NULL,NULL,'AINSTEIN','544941',NULL,'M',NULL,NULL,NULL,'epc_generada','2026-01-19 15:25:44','2026-01-19 15:26:06'),('AINSTEIN_546749',NULL,NULL,NULL,NULL,'AINSTEIN','546749',NULL,'F',NULL,NULL,NULL,'epc_generada','2026-01-26 14:49:04','2026-01-26 22:27:15'),('AINSTEIN_548565',NULL,NULL,NULL,NULL,'AINSTEIN','548565',NULL,'F',NULL,NULL,NULL,'epc_generada','2026-01-19 17:00:23','2026-01-20 01:56:07'),('AINSTEIN_549183',NULL,NULL,NULL,NULL,'AINSTEIN','549183',NULL,'M',NULL,NULL,NULL,'epc_generada','2026-01-19 00:03:16','2026-01-19 00:40:54'),('AINSTEIN_554729',NULL,NULL,NULL,NULL,'AINSTEIN','554729',NULL,'F',NULL,NULL,NULL,'epc_generada','2026-01-17 14:23:07','2026-01-17 14:48:53'),('AINSTEIN_556336',NULL,NULL,NULL,NULL,'AINSTEIN','556336',NULL,'M',NULL,NULL,NULL,'epc_generada','2026-01-16 12:42:55','2026-01-16 13:09:44'),('AINSTEIN_558635',NULL,NULL,NULL,NULL,'AINSTEIN','558635',NULL,'F',NULL,NULL,NULL,'epc_generada','2026-01-20 20:11:17','2026-01-20 21:14:05'),('AINSTEIN_559674',NULL,NULL,NULL,NULL,'AINSTEIN','559674',NULL,'F',NULL,NULL,NULL,'epc_generada','2026-01-19 00:41:36','2026-01-19 01:10:33'),('AINSTEIN_559808',NULL,NULL,NULL,NULL,'AINSTEIN','559808',NULL,'F',NULL,NULL,NULL,'epc_generada','2026-01-17 13:33:20','2026-01-17 13:53:21'),('AINSTEIN_559971',NULL,NULL,NULL,NULL,'AINSTEIN','559971',NULL,'F',NULL,NULL,NULL,'epc_generada','2026-01-20 19:08:50','2026-01-20 19:40:23'),('AINSTEIN_560058',NULL,NULL,NULL,NULL,'AINSTEIN','560058',NULL,'F',NULL,NULL,NULL,'epc_generada','2026-01-20 21:22:43','2026-01-20 21:45:41'),('AINSTEIN_560065',NULL,NULL,NULL,NULL,'AINSTEIN','560065',NULL,'F',NULL,NULL,NULL,'epc_generada','2026-01-20 21:53:39','2026-01-20 22:24:58');
/*!40000 ALTER TABLE `patients` ENABLE KEYS */;
UNLOCK TABLES;

--
-- Table structure for table `roles`
--

DROP TABLE IF EXISTS `roles`;
/*!40101 SET @saved_cs_client     = @@character_set_client */;
/*!50503 SET character_set_client = utf8mb4 */;
CREATE TABLE `roles` (
  `id` tinyint NOT NULL AUTO_INCREMENT,
  `name` varchar(20) COLLATE utf8mb4_unicode_ci NOT NULL,
  PRIMARY KEY (`id`),
  UNIQUE KEY `name` (`name`)
) ENGINE=InnoDB AUTO_INCREMENT=4 DEFAULT CHARSET=utf8mb4 COLLATE=utf8mb4_unicode_ci;
/*!40101 SET character_set_client = @saved_cs_client */;

--
-- Dumping data for table `roles`
--

LOCK TABLES `roles` WRITE;
/*!40000 ALTER TABLE `roles` DISABLE KEYS */;
INSERT INTO `roles` VALUES (1,'admin'),(2,'medico'),(3,'viewer');
/*!40000 ALTER TABLE `roles` ENABLE KEYS */;
UNLOCK TABLES;

--
-- Table structure for table `users`
--

DROP TABLE IF EXISTS `users`;
/*!40101 SET @saved_cs_client     = @@character_set_client */;
/*!50503 SET character_set_client = utf8mb4 */;
CREATE TABLE `users` (
  `id` char(36) COLLATE utf8mb4_unicode_ci NOT NULL,
  `username` varchar(80) COLLATE utf8mb4_unicode_ci NOT NULL,
  `password_hash` varchar(255) COLLATE utf8mb4_unicode_ci NOT NULL,
  `full_name` varchar(120) COLLATE utf8mb4_unicode_ci NOT NULL,
  `email` varchar(120) COLLATE utf8mb4_unicode_ci DEFAULT NULL,
  `role_id` tinyint NOT NULL,
  `is_active` tinyint(1) DEFAULT '1',
  `created_at` datetime NOT NULL DEFAULT CURRENT_TIMESTAMP,
  `updated_at` datetime DEFAULT NULL,
  PRIMARY KEY (`id`),
  UNIQUE KEY `username` (`username`),
  UNIQUE KEY `email` (`email`),
  KEY `role_id` (`role_id`),
  CONSTRAINT `users_ibfk_1` FOREIGN KEY (`role_id`) REFERENCES `roles` (`id`)
) ENGINE=InnoDB DEFAULT CHARSET=utf8mb4 COLLATE=utf8mb4_unicode_ci;
/*!40101 SET character_set_client = @saved_cs_client */;

--
-- Dumping data for table `users`
--

LOCK TABLES `users` WRITE;
/*!40000 ALTER TABLE `users` DISABLE KEYS */;
INSERT INTO `users` VALUES ('042bcfb6-b8fa-4c35-b352-cd45eb90a014','Mroverano','$2b$12$2EeZm9IhmzF0MC0EgN504ecSh7ck9IPYx6PMSl7.IhJgH4MIyxgUm','Melisa Roverano','melirove@gmail.com',2,1,'2025-12-22 10:45:57',NULL),('1373409e-4ee4-4b83-9f2e-78bc7e62124c','pdimitroff','$2b$12$t1/xEAJNRlvyOizdFflIUuJJ9J7lgyEDejrAi/YNWHZphIQR9Hvbi','Dimitroff, Pablo','sebasank@gmail.com',1,1,'2025-11-22 00:15:29','2025-12-02 19:28:48'),('383bcfc0-961e-4e2a-b55d-a7eff3bef950','test','$2b$12$2Hplfzk50ztMkbE2Ri5Qne3ZvB/pCugbR1xZnp8o9wV3xBR8p063y','Medico Test','test@gmail.com',2,1,'2026-01-21 12:37:56',NULL),('3a1a502e-3816-43e2-b862-108c8b8919a7','secimino','$2b$12$XcnHolce7u4sjtcNxbn8/uLlAgFVigK.rufTFTWCvilmbBicAshqO','Cimino, Sebastián','sebastian@zeron.com.ar',1,1,'2026-01-17 06:22:14',NULL),('751fce62-c772-41fa-ae47-1eaa344676ce','MEConsejero','$2b$12$3U4z1.Cn7c8c49owD56WH.s/diwTxCy9/UWkJ58FQVXtUjfg8LfD.','Maria Eugenia Consejero','consejero.m.e@gmail.com',2,1,'2025-12-22 10:41:52',NULL),('7ddbd790-4bf7-4451-b7be-cc0eb851707a','gustavop','$2b$12$7f5kCkPxaVISFm7d.7/vmuZgLHZvomtA7BdYfBh6OKG3Cije1.SVi','Petroni, Gustavo','gpetroni@grupogamma.com',1,1,'2025-12-09 04:50:16',NULL),('8fd9a9f1-3f12-48b0-a3a3-b44927920bf0','aaltamirano','$2b$12$KYhwEFNIwLUIZJ7pGaSg7uhg4UQ0bC98zsLSezB6fmtYTPbPcJs8q','Alan Altamirano','alangaltamirano@gmail.com',2,1,'2026-01-15 03:01:48',NULL),('a72c21ae-bd60-4863-8aa3-177eaa2864e5','Hbritto','$2b$12$uKh0pCIVOstSbHzbKjuMRuw63Wv9ejFITnlKTvBki/TG8oufh2xmy','Heyde Britto','heydebritto17@gmail.com',2,1,'2025-12-22 10:44:09',NULL),('b75c2f89-1057-427a-9478-6e5f6aebbacf','zeron','$2b$12$wazpYeK5lM9tPd5fAt7aReERCzkU81pqi4C8zSOmLciagApsGthVK','Antonioli, Renzo','rantonioli@zeron.com.ar',1,1,'2026-01-16 13:21:26',NULL),('ed6e465d-d60c-4991-9a75-f3a14e304ebb','Nelias','$2b$12$Mhl9NUcjyplOkKHFxVafieuCa6K8MkvVM12rfmc71zLODNj2pCRyq','Nahuel Elias','nahuelelias@gmail.com',2,1,'2025-12-22 10:33:44',NULL),('f7f1ddbf-e458-46c2-abff-d62b63de39f9','admin','$2b$12$dR1XGD2b0pM2jGTWNFgjCe3sRZr66SJ9Pm73V01KvYvPRx53IuBGS','Administrador General','soporte@zeron.com.ar',1,1,'2025-11-19 01:12:11','2025-11-21 12:32:52');
/*!40000 ALTER TABLE `users` ENABLE KEYS */;
UNLOCK TABLES;
/*!40103 SET TIME_ZONE=@OLD_TIME_ZONE */;

/*!40101 SET SQL_MODE=@OLD_SQL_MODE */;
/*!40014 SET FOREIGN_KEY_CHECKS=@OLD_FOREIGN_KEY_CHECKS */;
/*!40014 SET UNIQUE_CHECKS=@OLD_UNIQUE_CHECKS */;
/*!40101 SET CHARACTER_SET_CLIENT=@OLD_CHARACTER_SET_CLIENT */;
/*!40101 SET CHARACTER_SET_RESULTS=@OLD_CHARACTER_SET_RESULTS */;
/*!40101 SET COLLATION_CONNECTION=@OLD_COLLATION_CONNECTION */;
/*!40111 SET SQL_NOTES=@OLD_SQL_NOTES */;

-- Dump completed on 2026-01-28 22:00:58
